{
  "Baseline": {
    "eer": 23.165997484520123,
    "mindcf": 0.6823299632216475
  },
  "Disentangled": {
    "eer": 10.830471168730648,
    "mindcf": 0.36695772058089615
  },
  "Improved": {
    "eer": 8.446509771671828,
    "mindcf": 0.38327205881586396
  }
}